sample_size,model,class,precision_mean,recall_mean,f1_mean,f1_std,support_mean
140,FS_PCA_L1_Logistic,1,0.7904761904761904,0.5555555555555555,0.6142191142191142,0.11364084624474141,6.0
140,FS_PCA_L1_Logistic,2,0.6666666666666666,0.4444444444444444,0.5259259259259259,0.24377011365784204,6.0
140,FS_PCA_L1_Logistic,3,0.4523809523809524,0.4444444444444444,0.44102564102564107,0.0355292473347462,6.0
140,FS_PCA_L1_Logistic,4,0.8492063492063492,0.8333333333333334,0.8372183372183373,0.07001096072626298,6.0
140,FS_PCA_L1_Logistic,5,0.888888888888889,0.888888888888889,0.888888888888889,0.0962250448649376,6.0
140,FS_PCA_L1_Logistic,6,0.2943121693121693,0.38888888888888884,0.3343101343101343,0.08417047880493447,6.0
140,FS_PCA_L1_Logistic,7,0.8214285714285715,0.9444444444444445,0.8754578754578755,0.1164696930079461,6.0
140,FS_PCA_RBF_SVM,1,0.6666666666666666,0.6666666666666666,0.6666666666666666,0.1666666666666667,6.0
140,FS_PCA_RBF_SVM,2,1.0,0.5555555555555555,0.7000000000000001,0.17320508075688776,6.0
140,FS_PCA_RBF_SVM,3,0.5821428571428572,0.611111111111111,0.5904095904095904,0.15090868220827441,6.0
140,FS_PCA_RBF_SVM,4,0.8571428571428571,1.0,0.923076923076923,0.0,6.0
140,FS_PCA_RBF_SVM,5,1.0,0.8333333333333334,0.903030303030303,0.10013764631429274,6.0
140,FS_PCA_RBF_SVM,6,0.3611111111111111,0.38888888888888884,0.36190476190476195,0.06598288790738582,6.0
140,FS_PCA_RBF_SVM,7,0.8690476190476191,1.0,0.9267399267399267,0.07149897910601886,6.0
140,FS_PCA_RandomForest,1,0.8015873015873015,0.611111111111111,0.6495726495726496,0.1692760882080202,6.0
140,FS_PCA_RandomForest,2,0.8888888888888888,0.611111111111111,0.7178451178451178,0.24297356393963213,6.0
140,FS_PCA_RandomForest,3,0.6111111111111112,0.6111111111111112,0.6111111111111112,0.19245008972987526,6.0
140,FS_PCA_RandomForest,4,0.8412698412698413,0.888888888888889,0.8632478632478633,0.05181348569650489,6.0
140,FS_PCA_RandomForest,5,1.0,0.888888888888889,0.9393939393939394,0.05248638810814781,6.0
140,FS_PCA_RandomForest,6,0.42820512820512824,0.5555555555555556,0.46331738437001596,0.08732330510684379,6.0
140,FS_PCA_RandomForest,7,0.7916666666666666,0.9444444444444445,0.8571428571428571,0.14285714285714288,6.0
140,FS_PCA_Shrinkage_LDA,1,0.6682539682539682,0.6666666666666666,0.6647241647241647,0.15014773549545268,6.0
140,FS_PCA_Shrinkage_LDA,2,1.0,0.611111111111111,0.7363636363636363,0.2118396399587462,6.0
140,FS_PCA_Shrinkage_LDA,3,0.6555555555555556,0.6666666666666666,0.6551226551226551,0.07856079416344129,6.0
140,FS_PCA_Shrinkage_LDA,4,0.8571428571428571,1.0,0.923076923076923,0.0,6.0
140,FS_PCA_Shrinkage_LDA,5,1.0,0.9444444444444445,0.9696969696969697,0.05248638810814783,6.0
140,FS_PCA_Shrinkage_LDA,6,0.38888888888888884,0.4444444444444444,0.4000000000000001,0.0,6.0
140,FS_PCA_Shrinkage_LDA,7,0.9444444444444445,0.9444444444444445,0.9444444444444445,0.09622504486493756,6.0
350,FS_PCA_L1_Logistic,1,0.8438492063492063,0.8444444444444444,0.8435545668026202,0.08745702761988351,15.0
350,FS_PCA_L1_Logistic,2,0.8792207792207792,0.7777777777777778,0.8219274977895669,0.06643243002556412,15.0
350,FS_PCA_L1_Logistic,3,0.6117216117216118,0.6222222222222222,0.6116584564860427,0.03656066351102187,15.0
350,FS_PCA_L1_Logistic,4,0.8982843137254902,0.888888888888889,0.8883661887694146,0.04939723545359752,15.0
350,FS_PCA_L1_Logistic,5,0.9246031746031745,0.7777777777777778,0.8437633035334184,0.03959818119790035,15.0
350,FS_PCA_L1_Logistic,6,0.5632591093117408,0.6,0.5777988614800759,0.07314122911653906,15.0
350,FS_PCA_L1_Logistic,7,0.7715399610136453,0.888888888888889,0.8240047534165181,0.024245919149707213,15.0
350,FS_PCA_RBF_SVM,1,0.8041666666666667,0.8222222222222223,0.8129032258064517,0.02234904267830807,15.0
350,FS_PCA_RBF_SVM,2,0.9487179487179488,0.7777777777777778,0.8534798534798534,0.006344508452633227,15.0
350,FS_PCA_RBF_SVM,3,0.736574074074074,0.7999999999999999,0.7658520690778756,0.04902473252809509,15.0
350,FS_PCA_RBF_SVM,4,1.0,0.9111111111111111,0.9532019704433498,0.021330674970060054,15.0
350,FS_PCA_RBF_SVM,5,0.9761904761904763,0.8444444444444444,0.902740937223696,0.05992190583503958,15.0
350,FS_PCA_RBF_SVM,6,0.658578431372549,0.7777777777777777,0.7115591397849462,0.08751517384906929,15.0
350,FS_PCA_RBF_SVM,7,0.8406862745098039,0.9333333333333332,0.8844086021505376,0.06458959191140091,15.0
350,FS_PCA_RandomForest,1,0.8592592592592593,0.9111111111111111,0.8828282828282829,0.0446734230050424,15.0
350,FS_PCA_RandomForest,2,0.8799145299145299,0.7777777777777778,0.8239858906525573,0.029654814189747705,15.0
350,FS_PCA_RandomForest,3,0.6396178984414278,0.6444444444444444,0.6402777777777778,0.12362671561929812,15.0
350,FS_PCA_RandomForest,4,0.9277777777777777,0.8222222222222223,0.8700176366843033,0.0569522918185667,15.0
350,FS_PCA_RandomForest,5,0.9523809523809524,0.7999999999999999,0.864367816091954,0.05574416392175696,15.0
350,FS_PCA_RandomForest,6,0.6356060606060606,0.7555555555555555,0.6853240337111305,0.11099587359919626,15.0
350,FS_PCA_RandomForest,7,0.815873015873016,0.9111111111111111,0.8555555555555556,0.01924500897298753,15.0
350,FS_PCA_Shrinkage_LDA,1,0.826388888888889,0.8444444444444444,0.8351254480286738,0.033477546749349434,15.0
350,FS_PCA_Shrinkage_LDA,2,0.9743589743589745,0.7777777777777778,0.8640618640618639,0.022191788164779114,15.0
350,FS_PCA_Shrinkage_LDA,3,0.7288441692466461,0.8444444444444444,0.7813488298545224,0.09762333589331415,15.0
350,FS_PCA_Shrinkage_LDA,4,0.9777777777777779,0.888888888888889,0.9292464878671775,0.03847730279979679,15.0
350,FS_PCA_Shrinkage_LDA,5,0.8927738927738927,0.7333333333333334,0.8040293040293042,0.1113004732911245,15.0
350,FS_PCA_Shrinkage_LDA,6,0.6680555555555555,0.7555555555555555,0.7064004096262161,0.03820080182540673,15.0
350,FS_PCA_Shrinkage_LDA,7,0.7517414860681114,0.8666666666666667,0.8040796963946869,0.04744544538670245,15.0
700,FS_PCA_L1_Logistic,1,0.8551851851851852,0.9,0.871017871017871,0.008750836503683593,30.0
700,FS_PCA_L1_Logistic,2,0.8505128205128205,0.8111111111111112,0.8248917748917749,0.06487118069600295,30.0
700,FS_PCA_L1_Logistic,3,0.8155270655270656,0.7999999999999999,0.8034290271132377,0.04779203394480251,30.0
700,FS_PCA_L1_Logistic,4,0.9462401795735129,0.9444444444444445,0.9437761069340017,0.02819558154630595,30.0
700,FS_PCA_L1_Logistic,5,0.903030303030303,0.888888888888889,0.8936507936507937,0.08197302434079587,30.0
700,FS_PCA_L1_Logistic,6,0.7137911371782341,0.7000000000000001,0.7035880533148292,0.10629412314850238,30.0
700,FS_PCA_L1_Logistic,7,0.8968253968253969,0.9,0.894993894993895,0.05347023513955438,30.0
700,FS_PCA_RBF_SVM,1,0.8734074274871239,0.9,0.8850869135104579,0.028669651050947535,30.0
700,FS_PCA_RBF_SVM,2,0.9733333333333333,0.8222222222222223,0.8908736487683856,0.055529001519899375,30.0
700,FS_PCA_RBF_SVM,3,0.8223316912972085,0.8444444444444444,0.8316384180790961,0.043587122083583923,30.0
700,FS_PCA_RBF_SVM,4,0.9791666666666666,0.9777777777777779,0.9777530589543938,0.019298500081087255,30.0
700,FS_PCA_RBF_SVM,5,0.935483870967742,0.9666666666666667,0.9508196721311476,0.03278688524590166,30.0
700,FS_PCA_RBF_SVM,6,0.7812990330231709,0.8666666666666667,0.8199491657118777,0.06279888707692928,30.0
700,FS_PCA_RBF_SVM,7,0.9761600681140911,0.9222222222222222,0.9481613638616314,0.035395482859333555,30.0
700,FS_PCA_RandomForest,1,0.8500330687830688,0.9,0.8720014381860878,0.024050104567675167,30.0
700,FS_PCA_RandomForest,2,0.9540229885057471,0.8222222222222223,0.8813178613306532,0.04218291388400073,30.0
700,FS_PCA_RandomForest,3,0.8485273492286115,0.7222222222222222,0.7763686978038974,0.03750187334668153,30.0
700,FS_PCA_RandomForest,4,0.9090003982477102,0.9444444444444445,0.9232968163080328,0.054610604114568397,30.0
700,FS_PCA_RandomForest,5,0.9153439153439153,0.9,0.9041835357624831,0.05511626951865629,30.0
700,FS_PCA_RandomForest,6,0.7320802005012531,0.8777777777777778,0.7980392156862745,0.0033961780540566902,30.0
700,FS_PCA_RandomForest,7,0.9159335288367547,0.888888888888889,0.8979096192210946,0.050568058146104294,30.0
700,FS_PCA_Shrinkage_LDA,1,0.8603282828282829,0.8555555555555556,0.8546540675572935,0.029671420944462335,30.0
700,FS_PCA_Shrinkage_LDA,2,1.0,0.7999999999999999,0.8854864433811803,0.07646725431168395,30.0
700,FS_PCA_Shrinkage_LDA,3,0.8065964302523443,0.8111111111111112,0.8074740585525745,0.07754459358145475,30.0
700,FS_PCA_Shrinkage_LDA,4,0.9684139784946236,0.9777777777777779,0.9722885780800768,0.009864573355687335,30.0
700,FS_PCA_Shrinkage_LDA,5,0.9254032258064516,0.9444444444444445,0.9344172664449802,0.071389472333726,30.0
700,FS_PCA_Shrinkage_LDA,6,0.6893939393939394,0.8222222222222223,0.7487179487179487,0.10561653503847673,30.0
700,FS_PCA_Shrinkage_LDA,7,0.9535330261136713,0.9111111111111111,0.9310146479823073,0.06239736355806271,30.0
1400,FS_PCA_L1_Logistic,1,0.8801339971725367,0.8833333333333333,0.8799266150822893,0.02706636299370178,60.0
1400,FS_PCA_L1_Logistic,2,0.8770679010521046,0.8111111111111112,0.8400358366873434,0.03614830556726655,60.0
1400,FS_PCA_L1_Logistic,3,0.8970600785116914,0.9,0.8979159294136752,0.04652705725675373,60.0
1400,FS_PCA_L1_Logistic,4,0.9730301427815969,0.9666666666666667,0.9693574835668469,0.020726495082971683,60.0
1400,FS_PCA_L1_Logistic,5,0.9626588983050848,0.9499999999999998,0.9553726118778507,0.0033369924958033402,60.0
1400,FS_PCA_L1_Logistic,6,0.8076437587657784,0.8555555555555555,0.8301626636167239,0.02414459720756269,60.0
1400,FS_PCA_L1_Logistic,7,0.946269625303275,0.9611111111111111,0.9529495420404511,0.011086326168575206,60.0
1400,FS_PCA_RBF_SVM,1,0.8670912157629426,0.9444444444444443,0.9037874598837714,0.030260951131957144,60.0
1400,FS_PCA_RBF_SVM,2,0.9511171090118458,0.8611111111111112,0.9035569693464431,0.016930881918727932,60.0
1400,FS_PCA_RBF_SVM,3,0.9289629507415351,0.8777777777777778,0.9025355495510249,0.04151155363090387,60.0
1400,FS_PCA_RBF_SVM,4,0.9834213207372419,0.9444444444444443,0.9626832082939224,0.02133131929391229,60.0
1400,FS_PCA_RBF_SVM,5,0.9886031560490941,0.9555555555555556,0.971750195080205,0.004896487848686734,60.0
1400,FS_PCA_RBF_SVM,6,0.8549675863108699,0.9500000000000001,0.8999708369787109,0.012413996298508529,60.0
1400,FS_PCA_RBF_SVM,7,0.956698516840671,0.9777777777777777,0.9669353547096567,0.008816563513964525,60.0
1400,FS_PCA_RandomForest,1,0.8449302426284523,0.9388888888888888,0.8890878080292431,0.023901311131961447,60.0
1400,FS_PCA_RandomForest,2,0.9171156004489337,0.7999999999999999,0.8538068197869876,0.03642397353285127,60.0
1400,FS_PCA_RandomForest,3,0.8897852147852148,0.8055555555555557,0.8453737417005782,0.05137284609888323,60.0
1400,FS_PCA_RandomForest,4,0.9445764950009433,0.9388888888888888,0.9414413152118071,0.008812116697838723,60.0
1400,FS_PCA_RandomForest,5,0.9592741519744304,0.9055555555555556,0.9308739179740928,0.0414473151943607,60.0
1400,FS_PCA_RandomForest,6,0.82281898266553,0.9277777777777777,0.8720776424264797,0.0034874483071448757,60.0
1400,FS_PCA_RandomForest,7,0.9103592028796946,0.9500000000000001,0.9296650071272774,0.0508344329237991,60.0
1400,FS_PCA_Shrinkage_LDA,1,0.8591766969622533,0.9166666666666666,0.8860968743586457,0.040045137344398685,60.0
1400,FS_PCA_Shrinkage_LDA,2,0.9863888888888889,0.7722222222222221,0.8654103058633803,0.02830664051768516,60.0
1400,FS_PCA_Shrinkage_LDA,3,0.8675774134790529,0.8722222222222222,0.869880624426079,0.055162724106319914,60.0
1400,FS_PCA_Shrinkage_LDA,4,0.9884920634920635,0.9499999999999998,0.9686560565870911,0.018211233516641317,60.0
1400,FS_PCA_Shrinkage_LDA,5,0.9941520467836257,0.9444444444444445,0.9686110153672983,0.013168394411380199,60.0
1400,FS_PCA_Shrinkage_LDA,6,0.7767604561082821,0.9277777777777777,0.8454047591499866,0.01765830351129569,60.0
1400,FS_PCA_Shrinkage_LDA,7,0.9411162314388121,0.9777777777777777,0.9590830334532853,0.021762223738685124,60.0
2800,FS_PCA_L1_Logistic,1,0.8696722744719213,0.9277777777777777,0.8975001695607437,0.024968618274851483,120.0
2800,FS_PCA_L1_Logistic,2,0.9071472856883719,0.8111111111111112,0.855840165534806,0.03679911141022268,120.0
2800,FS_PCA_L1_Logistic,3,0.876074074074074,0.9027777777777778,0.8891239422598307,0.019215765182177262,120.0
2800,FS_PCA_L1_Logistic,4,0.9746237478042064,0.9611111111111111,0.9678164152690365,0.010620588183804127,120.0
2800,FS_PCA_L1_Logistic,5,0.9618868262936059,0.9472222222222223,0.9538550083743771,0.011012378533714989,120.0
2800,FS_PCA_L1_Logistic,6,0.8491743123787837,0.875,0.8609070970860347,0.013124052265257941,120.0
2800,FS_PCA_L1_Logistic,7,0.9456142655943499,0.9472222222222223,0.9457714503781123,0.011804199851751903,120.0
2800,FS_PCA_RBF_SVM,1,0.863136953161284,0.9638888888888889,0.9106246534930444,0.015051810877387876,120.0
2800,FS_PCA_RBF_SVM,2,0.9495741015188736,0.8388888888888889,0.8907141143258045,0.018139289475483645,120.0
2800,FS_PCA_RBF_SVM,3,0.8732061220433313,0.9194444444444444,0.8954431057563589,0.02559427552755774,120.0
2800,FS_PCA_RBF_SVM,4,0.985801202680998,0.9611111111111111,0.9732521329621645,0.00504821089694802,120.0
2800,FS_PCA_RBF_SVM,5,0.9585086489013558,0.9555555555555556,0.9568015347052669,0.009156808964993456,120.0
2800,FS_PCA_RBF_SVM,6,0.8977233087925436,0.8888888888888888,0.8929091891034792,0.024512399437728993,120.0
2800,FS_PCA_RBF_SVM,7,0.9635749198571446,0.9472222222222223,0.9551143522414107,0.0125181612066949,120.0
2800,FS_PCA_RandomForest,1,0.8458740470310319,0.9611111111111111,0.8997680452527893,0.03193464806569991,120.0
2800,FS_PCA_RandomForest,2,0.9572192513368983,0.8055555555555557,0.874820025504957,0.0016387826967001569,120.0
2800,FS_PCA_RandomForest,3,0.8515745030727867,0.8944444444444445,0.8724195187598319,0.02918850320241675,120.0
2800,FS_PCA_RandomForest,4,0.9723445366761543,0.9500000000000001,0.9608456657763282,0.016774503483255317,120.0
2800,FS_PCA_RandomForest,5,0.9451338462999906,0.9500000000000001,0.9473379730962644,0.008812595983463314,120.0
2800,FS_PCA_RandomForest,6,0.8752950752950753,0.8805555555555555,0.8777160303248602,0.06464385112296211,120.0
2800,FS_PCA_RandomForest,7,0.946534288034251,0.9277777777777777,0.9367253062404789,0.02261643903283388,120.0
2800,FS_PCA_Shrinkage_LDA,1,0.8707412448706258,0.9527777777777778,0.9096518715663849,0.023057890520317283,120.0
2800,FS_PCA_Shrinkage_LDA,2,0.9821908602150539,0.7694444444444445,0.8628499391410189,0.017301284286063815,120.0
2800,FS_PCA_Shrinkage_LDA,3,0.8468270756213644,0.8833333333333333,0.8645392223275978,0.04614921680782406,120.0
2800,FS_PCA_Shrinkage_LDA,4,0.9884807596201899,0.9527777777777778,0.9702969106863805,0.004237914698952138,120.0
2800,FS_PCA_Shrinkage_LDA,5,0.9585870793416852,0.9527777777777778,0.9553813014567529,0.01232654845157762,120.0
2800,FS_PCA_Shrinkage_LDA,6,0.822825316510177,0.9277777777777777,0.8721375266407104,0.03505519788381754,120.0
2800,FS_PCA_Shrinkage_LDA,7,0.9580551635440376,0.9500000000000001,0.9538645478418751,0.01948455003679756,120.0
5600,FS_PCA_L1_Logistic,1,0.8964426877470356,0.9500000000000001,0.9224414530702564,0.008608417244814048,240.0
5600,FS_PCA_L1_Logistic,2,0.9472291787495885,0.8472222222222223,0.8944053203841745,0.014594218908029677,240.0
5600,FS_PCA_L1_Logistic,3,0.9082731004070034,0.9277777777777777,0.9173422139443987,0.011778364329379074,240.0
5600,FS_PCA_L1_Logistic,4,0.9816781982865734,0.9659863945578232,0.9736592636067639,0.010153323348713826,147.0
5600,FS_PCA_L1_Logistic,5,0.967566835632326,0.9527777777777778,0.9600205434381369,0.012970544578017891,240.0
5600,FS_PCA_L1_Logistic,6,0.885631620035474,0.9319444444444445,0.9075760971308607,0.01922844914880397,240.0
5600,FS_PCA_L1_Logistic,7,0.965564535223978,0.9597222222222221,0.962453224141319,0.009299391316885182,240.0
5600,FS_PCA_RBF_SVM,1,0.8842437340009829,0.9763888888888889,0.9280258768050978,0.011703271488028718,240.0
5600,FS_PCA_RBF_SVM,2,0.980964293126123,0.8597222222222222,0.9163149480723778,0.012675433395058559,240.0
5600,FS_PCA_RBF_SVM,3,0.9404838660157809,0.9375,0.9386547254678045,0.012453397438523665,240.0
5600,FS_PCA_RBF_SVM,4,0.9907567049808429,0.9682539682539683,0.9793574989163946,0.009087651337893602,147.0
5600,FS_PCA_RBF_SVM,5,0.9690376963104236,0.9555555555555556,0.9621887237308214,0.011350810619440745,240.0
5600,FS_PCA_RBF_SVM,6,0.910338949539642,0.9597222222222221,0.9339905352829483,0.01492394073526526,240.0
5600,FS_PCA_RBF_SVM,7,0.968144777606846,0.9625,0.9651896294348313,0.00843067467192756,240.0
5600,FS_PCA_RandomForest,1,0.8760410897108106,0.9708333333333333,0.9209370701889142,0.0024139541789595007,240.0
5600,FS_PCA_RandomForest,2,0.9756062902614627,0.8319444444444445,0.898036923573041,0.0075100053361568985,240.0
5600,FS_PCA_RandomForest,3,0.8887353817165712,0.9430555555555555,0.9150798173618774,0.017620121870632832,240.0
5600,FS_PCA_RandomForest,4,0.9926785844052031,0.9206349206349206,0.9551770370106533,0.014884716361901276,147.0
5600,FS_PCA_RandomForest,5,0.9551820728291317,0.9472222222222223,0.9511854951185494,0.017419799158712442,240.0
5600,FS_PCA_RandomForest,6,0.9158159301016444,0.9347222222222222,0.9246309307534601,0.012162707537115312,240.0
5600,FS_PCA_RandomForest,7,0.9449028286224591,0.9527777777777778,0.9488212948433046,0.019294071223107296,240.0
5600,FS_PCA_Shrinkage_LDA,1,0.8828281786297053,0.9625,0.9209298886142614,0.010964836440560156,240.0
5600,FS_PCA_Shrinkage_LDA,2,0.9912453820604337,0.7847222222222222,0.8759479125216968,0.005523964583794193,240.0
5600,FS_PCA_Shrinkage_LDA,3,0.87661278049538,0.9222222222222222,0.8985460391646973,0.008527657049608898,240.0
5600,FS_PCA_Shrinkage_LDA,4,0.9906595751666174,0.9569160997732427,0.9734874849195932,0.007107279773162739,147.0
5600,FS_PCA_Shrinkage_LDA,5,0.9642684685057565,0.9388888888888888,0.9513911237853737,0.015063002946321924,240.0
5600,FS_PCA_Shrinkage_LDA,6,0.8608952604207812,0.9500000000000001,0.902671736745637,0.015263731166689743,240.0
5600,FS_PCA_Shrinkage_LDA,7,0.953177478427504,0.9597222222222221,0.956399721069558,0.0136743894136348,240.0
