sample_size,repeat,model,accuracy,macro_f1,inner_cv_macro_f1,selected_feature_count,pca_component_count
5600,0,FS_PCA_L1_Logistic,0.931316950220542,0.9330762127098006,0.9314502554852708,50,43
5600,0,FS_PCA_Shrinkage_LDA,0.9174543163201008,0.9197950968758948,0.9220504520917753,50,43
5600,0,FS_PCA_RBF_SVM,0.9426591052299937,0.9441234779742987,0.9462559615618827,50,43
5600,0,FS_PCA_RandomForest,0.9250157529930687,0.9256773367057299,0.9240350804556543,50,43
5600,1,FS_PCA_L1_Logistic,0.9363579080025205,0.9384649530354201,0.9297319868544422,50,43
5600,1,FS_PCA_Shrinkage_LDA,0.9287964713295526,0.9310684020715208,0.9227802188228336,50,43
5600,1,FS_PCA_RBF_SVM,0.9514807813484563,0.953107397926452,0.9429188345445336,50,43
5600,1,FS_PCA_RandomForest,0.9319470699432892,0.9332934591914762,0.9256960036795467,50,43
5600,2,FS_PCA_L1_Logistic,0.927536231884058,0.930415169561598,0.9282776844056634,50,43
5600,2,FS_PCA_Shrinkage_LDA,0.9231253938248267,0.9260110325472205,0.9196805050304829,50,43
5600,2,FS_PCA_RBF_SVM,0.9388783868935098,0.941507097403653,0.9415681729468306,50,43
5600,2,FS_PCA_RandomForest,0.9306868304977945,0.9326871621812797,0.9267676892762166,50,43
2800,0,FS_PCA_L1_Logistic,0.9107142857142857,0.9110455694129053,0.9100224204095709,50,43
2800,0,FS_PCA_Shrinkage_LDA,0.905952380952381,0.9065723440747444,0.9031602718059242,50,43
2800,0,FS_PCA_RBF_SVM,0.919047619047619,0.9192351347905979,0.928554542150291,50,43
2800,0,FS_PCA_RandomForest,0.8940476190476191,0.8946851554997213,0.9049631150342765,50,43
2800,1,FS_PCA_L1_Logistic,0.9107142857142857,0.9099689309686915,0.9152941042623444,50,43
2800,1,FS_PCA_Shrinkage_LDA,0.9297619047619048,0.9292318863654897,0.9031260546317502,50,43
2800,1,FS_PCA_RBF_SVM,0.9261904761904762,0.9260371697164002,0.9336197752283287,50,43
2800,1,FS_PCA_RandomForest,0.9202380952380952,0.9201618146972289,0.9158379323169334,50,43
2800,2,FS_PCA_L1_Logistic,0.9095238095238095,0.9093344632453781,0.910261615405707,50,43
2800,2,FS_PCA_Shrinkage_LDA,0.9023809523809524,0.9022191922715035,0.9081674022492534,50,43
2800,2,FS_PCA_RBF_SVM,0.9297619047619048,0.9296673023162286,0.9361623011859982,50,43
2800,2,FS_PCA_RandomForest,0.9154761904761904,0.9149955576411257,0.9113243067906849,50,43
1400,0,FS_PCA_L1_Logistic,0.9023809523809524,0.9019620494452681,0.8816232089770182,50,43
1400,0,FS_PCA_Shrinkage_LDA,0.9095238095238095,0.9104194874480037,0.8886862861185252,50,43
1400,0,FS_PCA_RBF_SVM,0.930952380952381,0.9311941942262962,0.9212666420755649,50,43
1400,0,FS_PCA_RandomForest,0.8904761904761904,0.8906908759987553,0.8897753524090464,50,43
1400,1,FS_PCA_L1_Logistic,0.8976190476190476,0.896122597757592,0.8810201798369162,50,42
1400,1,FS_PCA_Shrinkage_LDA,0.9095238095238095,0.9089834607617908,0.8894372554190471,50,42
1400,1,FS_PCA_RBF_SVM,0.9261904761904762,0.925898710681868,0.89828034940616,50,42
1400,1,FS_PCA_RandomForest,0.8928571428571429,0.8912264707187457,0.8796890655306352,50,38
1400,2,FS_PCA_L1_Logistic,0.9119047619047619,0.9129385023479316,0.8956729342228386,50,42
1400,2,FS_PCA_Shrinkage_LDA,0.9071428571428571,0.9076581957355339,0.8943481054699237,50,42
1400,2,FS_PCA_RBF_SVM,0.9333333333333333,0.9334297695962935,0.9183199762704879,50,42
1400,2,FS_PCA_RandomForest,0.9023809523809524,0.901936761392413,0.8936861789059625,50,42
700,0,FS_PCA_L1_Logistic,0.8142857142857143,0.8104266104266105,0.8202506198152482,50,42
700,0,FS_PCA_Shrinkage_LDA,0.8142857142857143,0.8161652561456664,0.8505225905331215,50,42
700,0,FS_PCA_RBF_SVM,0.8666666666666667,0.8666484419756763,0.8876855451038033,50,42
700,0,FS_PCA_RandomForest,0.861904761904762,0.8623907483304711,0.8343222264151559,50,42
700,1,FS_PCA_L1_Logistic,0.8857142857142857,0.886153737657497,0.868516977895581,50,30
700,1,FS_PCA_Shrinkage_LDA,0.9238095238095239,0.9246490289965694,0.8689530563607907,50,42
700,1,FS_PCA_RBF_SVM,0.919047619047619,0.9191845670404729,0.8811706245683886,50,42
700,1,FS_PCA_RandomForest,0.861904761904762,0.8610859732321847,0.8561008318194787,50,42
700,2,FS_PCA_L1_Logistic,0.8476190476190476,0.8471400184514939,0.8333300278642762,50,42
700,2,FS_PCA_Shrinkage_LDA,0.8857142857142857,0.8880655765933476,0.8441731161042628,50,42
700,2,FS_PCA_RBF_SVM,0.9142857142857143,0.9160022371339893,0.8657226335098175,50,42
700,2,FS_PCA_RandomForest,0.8714285714285714,0.8707163574224257,0.8250060826478894,50,42
350,0,FS_PCA_L1_Logistic,0.7333333333333333,0.7357725726267804,0.8285241847935345,50,41
350,0,FS_PCA_Shrinkage_LDA,0.8285714285714286,0.8316573403554972,0.8480749556600949,50,35
350,0,FS_PCA_RBF_SVM,0.8476190476190476,0.8492903112301651,0.8595081453634086,50,41
350,0,FS_PCA_RandomForest,0.7714285714285715,0.7683385579937304,0.8468826126942004,50,35
350,1,FS_PCA_L1_Logistic,0.819047619047619,0.8169575934215217,0.7784096297088337,50,27
350,1,FS_PCA_Shrinkage_LDA,0.8095238095238095,0.8096730646281501,0.8010800010316865,50,27
350,1,FS_PCA_RBF_SVM,0.8285714285714286,0.8320467722859268,0.8100738660695538,50,40
350,1,FS_PCA_RandomForest,0.8095238095238095,0.8121488918147904,0.7984300259178632,50,27
350,2,FS_PCA_L1_Logistic,0.7619047619047619,0.7663013889278366,0.7839048338633698,50,27
350,2,FS_PCA_Shrinkage_LDA,0.8095238095238095,0.8119376121002578,0.8180894845976667,50,34
350,2,FS_PCA_RBF_SVM,0.8380952380952381,0.8404396870410694,0.829530947147599,50,40
350,2,FS_PCA_RandomForest,0.8285714285714286,0.8290941187492911,0.8096435942798172,50,27
140,0,FS_PCA_L1_Logistic,0.6904761904761905,0.7041482327196613,0.6652777777777777,50,22
140,0,FS_PCA_Shrinkage_LDA,0.7857142857142857,0.7814661528947243,0.7394274376417234,50,29
140,0,FS_PCA_RBF_SVM,0.7619047619047619,0.7582940868655156,0.7508039579468151,50,36
140,0,FS_PCA_RandomForest,0.7380952380952381,0.7427334570191713,0.6861188414759842,50,22
140,1,FS_PCA_L1_Logistic,0.6428571428571429,0.6276992848421419,0.7414399092970521,50,36
140,1,FS_PCA_Shrinkage_LDA,0.7619047619047619,0.7708291708291709,0.7893990929705215,50,36
140,1,FS_PCA_RBF_SVM,0.6904761904761905,0.6990295418866846,0.7933390022675737,50,36
140,1,FS_PCA_RandomForest,0.7619047619047619,0.7575472146900717,0.7059523809523809,50,30
140,2,FS_PCA_L1_Logistic,0.5952380952380952,0.604029304029304,0.6747448979591837,50,22
140,2,FS_PCA_Shrinkage_LDA,0.7142857142857143,0.7163170163170164,0.7589723768295197,50,22
140,2,FS_PCA_RBF_SVM,0.7142857142857143,0.7163170163170164,0.752643784786642,50,22
140,2,FS_PCA_RandomForest,0.6904761904761905,0.6861325808694231,0.7179705215419501,50,22
