sample_size,repeat,model,class,precision,recall,f1_score,support
5600,0,FS_PCA_L1_Logistic,1,0.9019607843137255,0.9583333333333334,0.9292929292929293,240.0
5600,0,FS_PCA_L1_Logistic,2,0.9585253456221198,0.8666666666666667,0.9102844638949672,240.0
5600,0,FS_PCA_L1_Logistic,3,0.919831223628692,0.9083333333333333,0.9140461215932913,240.0
5600,0,FS_PCA_L1_Logistic,4,0.9788732394366197,0.9455782312925171,0.9619377162629758,147.0
5600,0,FS_PCA_L1_Logistic,5,0.9613733905579399,0.9333333333333333,0.9471458773784355,240.0
5600,0,FS_PCA_L1_Logistic,6,0.8716981132075472,0.9625,0.9148514851485149,240.0
5600,0,FS_PCA_L1_Logistic,7,0.957983193277311,0.95,0.9539748953974896,240.0
5600,0,FS_PCA_Shrinkage_LDA,1,0.8918918918918919,0.9625,0.9258517034068137,240.0
5600,0,FS_PCA_Shrinkage_LDA,2,0.9894179894179894,0.7791666666666667,0.8717948717948718,240.0
5600,0,FS_PCA_Shrinkage_LDA,3,0.9012345679012346,0.9125,0.906832298136646,240.0
5600,0,FS_PCA_Shrinkage_LDA,4,0.9790209790209791,0.9523809523809523,0.9655172413793104,147.0
5600,0,FS_PCA_Shrinkage_LDA,5,0.9523809523809523,0.9166666666666666,0.9341825902335457,240.0
5600,0,FS_PCA_Shrinkage_LDA,6,0.8262411347517731,0.9708333333333333,0.89272030651341,240.0
5600,0,FS_PCA_Shrinkage_LDA,7,0.9416666666666667,0.9416666666666667,0.9416666666666667,240.0
5600,0,FS_PCA_RBF_SVM,1,0.8876404494382022,0.9875,0.9349112426035503,240.0
5600,0,FS_PCA_RBF_SVM,2,0.9813084112149533,0.875,0.9251101321585903,240.0
5600,0,FS_PCA_RBF_SVM,3,0.9567099567099567,0.9208333333333333,0.9384288747346072,240.0
5600,0,FS_PCA_RBF_SVM,4,0.9791666666666666,0.9591836734693877,0.9690721649484536,147.0
5600,0,FS_PCA_RBF_SVM,5,0.9615384615384616,0.9375,0.9493670886075949,240.0
5600,0,FS_PCA_RBF_SVM,6,0.9,0.975,0.936,240.0
5600,0,FS_PCA_RBF_SVM,7,0.9620253164556962,0.95,0.9559748427672956,240.0
5600,0,FS_PCA_RandomForest,1,0.8846153846153846,0.9583333333333334,0.92,240.0
5600,0,FS_PCA_RandomForest,2,0.9852216748768473,0.8333333333333334,0.9029345372460497,240.0
5600,0,FS_PCA_RandomForest,3,0.9011857707509882,0.95,0.9249492900608519,240.0
5600,0,FS_PCA_RandomForest,4,0.9924242424242424,0.891156462585034,0.9390681003584229,147.0
5600,0,FS_PCA_RandomForest,5,0.9411764705882353,0.9333333333333333,0.9372384937238494,240.0
5600,0,FS_PCA_RandomForest,6,0.8846153846153846,0.9583333333333334,0.92,240.0
5600,0,FS_PCA_RandomForest,7,0.9336099585062241,0.9375,0.9355509355509356,240.0
5600,1,FS_PCA_L1_Logistic,1,0.8980392156862745,0.9541666666666667,0.9252525252525252,240.0
5600,1,FS_PCA_L1_Logistic,2,0.95260663507109,0.8375,0.8913525498891353,240.0
5600,1,FS_PCA_L1_Logistic,3,0.8897338403041825,0.975,0.9304174950298211,240.0
5600,1,FS_PCA_L1_Logistic,4,0.993006993006993,0.9659863945578231,0.9793103448275862,147.0
5600,1,FS_PCA_L1_Logistic,5,0.9742489270386266,0.9458333333333333,0.959830866807611,240.0
5600,1,FS_PCA_L1_Logistic,6,0.9319148936170213,0.9125,0.9221052631578948,240.0
5600,1,FS_PCA_L1_Logistic,7,0.9473684210526315,0.975,0.9609856262833676,240.0
5600,1,FS_PCA_Shrinkage_LDA,1,0.8863636363636364,0.975,0.9285714285714286,240.0
5600,1,FS_PCA_Shrinkage_LDA,2,0.9946808510638298,0.7791666666666667,0.8738317757009346,240.0
5600,1,FS_PCA_Shrinkage_LDA,3,0.8566037735849057,0.9458333333333333,0.899009900990099,240.0
5600,1,FS_PCA_Shrinkage_LDA,4,1.0,0.9591836734693877,0.9791666666666666,147.0
5600,1,FS_PCA_Shrinkage_LDA,5,0.9700854700854701,0.9458333333333333,0.9578059071729957,240.0
5600,1,FS_PCA_Shrinkage_LDA,6,0.9036144578313253,0.9375,0.9202453987730062,240.0
5600,1,FS_PCA_Shrinkage_LDA,7,0.9471544715447154,0.9708333333333333,0.9588477366255144,240.0
5600,1,FS_PCA_RBF_SVM,1,0.8905660377358491,0.9833333333333333,0.9346534653465347,240.0
5600,1,FS_PCA_RBF_SVM,2,0.9904306220095693,0.8625,0.9220489977728286,240.0
5600,1,FS_PCA_RBF_SVM,3,0.9285714285714286,0.975,0.9512195121951219,240.0
5600,1,FS_PCA_RBF_SVM,4,1.0,0.9659863945578231,0.9826989619377162,147.0
5600,1,FS_PCA_RBF_SVM,5,0.9786324786324786,0.9541666666666667,0.9662447257383966,240.0
5600,1,FS_PCA_RBF_SVM,6,0.9497907949790795,0.9458333333333333,0.9478079331941545,240.0
5600,1,FS_PCA_RBF_SVM,7,0.9552845528455285,0.9791666666666666,0.9670781893004116,240.0
5600,1,FS_PCA_RandomForest,1,0.8708487084870848,0.9833333333333333,0.923679060665362,240.0
5600,1,FS_PCA_RandomForest,2,0.9711538461538461,0.8416666666666667,0.9017857142857143,240.0
5600,1,FS_PCA_RandomForest,3,0.8949416342412452,0.9583333333333334,0.9255533199195171,240.0
5600,1,FS_PCA_RandomForest,4,0.9856115107913669,0.9319727891156463,0.958041958041958,147.0
5600,1,FS_PCA_RandomForest,5,0.9495798319327731,0.9416666666666667,0.9456066945606695,240.0
5600,1,FS_PCA_RandomForest,6,0.9567099567099567,0.9208333333333333,0.9384288747346072,240.0
5600,1,FS_PCA_RandomForest,7,0.934156378600823,0.9458333333333333,0.9399585921325052,240.0
5600,2,FS_PCA_L1_Logistic,1,0.8893280632411067,0.9375,0.9127789046653144,240.0
5600,2,FS_PCA_L1_Logistic,2,0.9305555555555556,0.8375,0.881578947368421,240.0
5600,2,FS_PCA_L1_Logistic,3,0.9152542372881356,0.9,0.907563025210084,240.0
5600,2,FS_PCA_L1_Logistic,4,0.9731543624161074,0.9863945578231292,0.9797297297297297,147.0
5600,2,FS_PCA_L1_Logistic,5,0.9670781893004116,0.9791666666666666,0.9730848861283644,240.0
5600,2,FS_PCA_L1_Logistic,6,0.8532818532818532,0.9208333333333333,0.8857715430861723,240.0
5600,2,FS_PCA_L1_Logistic,7,0.9913419913419913,0.9541666666666667,0.9723991507430998,240.0
5600,2,FS_PCA_Shrinkage_LDA,1,0.8702290076335878,0.95,0.9083665338645418,240.0
5600,2,FS_PCA_Shrinkage_LDA,2,0.9896373056994818,0.7958333333333333,0.8822170900692841,240.0
5600,2,FS_PCA_Shrinkage_LDA,3,0.872,0.9083333333333333,0.889795918367347,240.0
5600,2,FS_PCA_Shrinkage_LDA,4,0.9929577464788732,0.9591836734693877,0.9757785467128027,147.0
5600,2,FS_PCA_Shrinkage_LDA,5,0.9703389830508474,0.9541666666666667,0.9621848739495799,240.0
5600,2,FS_PCA_Shrinkage_LDA,6,0.8528301886792453,0.9416666666666667,0.8950495049504951,240.0
5600,2,FS_PCA_Shrinkage_LDA,7,0.9707112970711297,0.9666666666666667,0.9686847599164927,240.0
5600,2,FS_PCA_RBF_SVM,1,0.8745247148288974,0.9583333333333334,0.9145129224652088,240.0
5600,2,FS_PCA_RBF_SVM,2,0.9711538461538461,0.8416666666666667,0.9017857142857143,240.0
5600,2,FS_PCA_RBF_SVM,3,0.9361702127659575,0.9166666666666666,0.9263157894736842,240.0
5600,2,FS_PCA_RBF_SVM,4,0.993103448275862,0.9795918367346939,0.9863013698630136,147.0
5600,2,FS_PCA_RBF_SVM,5,0.9669421487603306,0.975,0.970954356846473,240.0
5600,2,FS_PCA_RBF_SVM,6,0.8812260536398467,0.9583333333333334,0.9181636726546906,240.0
5600,2,FS_PCA_RBF_SVM,7,0.9871244635193133,0.9583333333333334,0.9725158562367865,240.0
5600,2,FS_PCA_RandomForest,1,0.8726591760299626,0.9708333333333333,0.9191321499013807,240.0
5600,2,FS_PCA_RandomForest,2,0.9704433497536946,0.8208333333333333,0.8893905191873589,240.0
5600,2,FS_PCA_RandomForest,3,0.8700787401574803,0.9208333333333333,0.8947368421052632,240.0
5600,2,FS_PCA_RandomForest,4,1.0,0.9387755102040817,0.968421052631579,147.0
5600,2,FS_PCA_RandomForest,5,0.9747899159663865,0.9666666666666667,0.9707112970711297,240.0
5600,2,FS_PCA_RandomForest,6,0.9061224489795918,0.925,0.9154639175257732,240.0
5600,2,FS_PCA_RandomForest,7,0.9669421487603306,0.975,0.970954356846473,240.0
2800,0,FS_PCA_L1_Logistic,1,0.8688524590163934,0.8833333333333333,0.8760330578512396,120.0
2800,0,FS_PCA_L1_Logistic,2,0.9433962264150944,0.8333333333333334,0.8849557522123894,120.0
2800,0,FS_PCA_L1_Logistic,3,0.8833333333333333,0.8833333333333333,0.8833333333333333,120.0
2800,0,FS_PCA_L1_Logistic,4,0.9831932773109243,0.975,0.9790794979079498,120.0
2800,0,FS_PCA_L1_Logistic,5,0.9365079365079365,0.9833333333333333,0.959349593495935,120.0
2800,0,FS_PCA_L1_Logistic,6,0.8045112781954887,0.8916666666666667,0.8458498023715415,120.0
2800,0,FS_PCA_L1_Logistic,7,0.9736842105263158,0.925,0.9487179487179487,120.0
2800,0,FS_PCA_Shrinkage_LDA,1,0.8650793650793651,0.9083333333333333,0.8861788617886179,120.0
2800,0,FS_PCA_Shrinkage_LDA,2,0.9895833333333334,0.7916666666666666,0.8796296296296297,120.0
2800,0,FS_PCA_Shrinkage_LDA,3,0.8306451612903226,0.8583333333333333,0.8442622950819673,120.0
2800,0,FS_PCA_Shrinkage_LDA,4,0.9913793103448276,0.9583333333333334,0.9745762711864406,120.0
2800,0,FS_PCA_Shrinkage_LDA,5,0.944,0.9833333333333333,0.963265306122449,120.0
2800,0,FS_PCA_Shrinkage_LDA,6,0.7883211678832117,0.9,0.8404669260700389,120.0
2800,0,FS_PCA_Shrinkage_LDA,7,0.9741379310344828,0.9416666666666667,0.9576271186440678,120.0
2800,0,FS_PCA_RBF_SVM,1,0.8615384615384616,0.9333333333333333,0.896,120.0
2800,0,FS_PCA_RBF_SVM,2,0.9532710280373832,0.85,0.8986784140969163,120.0
2800,0,FS_PCA_RBF_SVM,3,0.8666666666666667,0.8666666666666667,0.8666666666666667,120.0
2800,0,FS_PCA_RBF_SVM,4,0.9831932773109243,0.975,0.9790794979079498,120.0
2800,0,FS_PCA_RBF_SVM,5,0.9516129032258065,0.9833333333333333,0.9672131147540983,120.0
2800,0,FS_PCA_RBF_SVM,6,0.848,0.8833333333333333,0.8653061224489796,120.0
2800,0,FS_PCA_RBF_SVM,7,0.9826086956521739,0.9416666666666667,0.9617021276595744,120.0
2800,0,FS_PCA_RandomForest,1,0.8208955223880597,0.9166666666666666,0.8661417322834646,120.0
2800,0,FS_PCA_RandomForest,2,0.9509803921568627,0.8083333333333333,0.8738738738738738,120.0
2800,0,FS_PCA_RandomForest,3,0.8292682926829268,0.85,0.8395061728395061,120.0
2800,0,FS_PCA_RandomForest,4,0.9913793103448276,0.9583333333333334,0.9745762711864406,120.0
2800,0,FS_PCA_RandomForest,5,0.936,0.975,0.9551020408163265,120.0
2800,0,FS_PCA_RandomForest,6,0.7857142857142857,0.825,0.8048780487804879,120.0
2800,0,FS_PCA_RandomForest,7,0.9736842105263158,0.925,0.9487179487179487,120.0
2800,1,FS_PCA_L1_Logistic,1,0.8604651162790697,0.925,0.891566265060241,120.0
2800,1,FS_PCA_L1_Logistic,2,0.8910891089108911,0.75,0.8144796380090498,120.0
2800,1,FS_PCA_L1_Logistic,3,0.8888888888888888,0.9333333333333333,0.9105691056910569,120.0
2800,1,FS_PCA_L1_Logistic,4,0.9745762711864406,0.9583333333333334,0.9663865546218487,120.0
2800,1,FS_PCA_L1_Logistic,5,1.0,0.925,0.961038961038961,120.0
2800,1,FS_PCA_L1_Logistic,6,0.8492063492063492,0.8916666666666667,0.8699186991869918,120.0
2800,1,FS_PCA_L1_Logistic,7,0.9224806201550387,0.9916666666666667,0.9558232931726908,120.0
2800,1,FS_PCA_Shrinkage_LDA,1,0.8540145985401459,0.975,0.9105058365758755,120.0
2800,1,FS_PCA_Shrinkage_LDA,2,0.989247311827957,0.7666666666666667,0.863849765258216,120.0
2800,1,FS_PCA_Shrinkage_LDA,3,0.9098360655737705,0.925,0.9173553719008265,120.0
2800,1,FS_PCA_Shrinkage_LDA,4,0.991304347826087,0.95,0.9702127659574468,120.0
2800,1,FS_PCA_Shrinkage_LDA,5,0.9826086956521739,0.9416666666666667,0.9617021276595744,120.0
2800,1,FS_PCA_Shrinkage_LDA,6,0.8592592592592593,0.9666666666666667,0.9098039215686274,120.0
2800,1,FS_PCA_Shrinkage_LDA,7,0.959349593495935,0.9833333333333333,0.9711934156378601,120.0
2800,1,FS_PCA_RBF_SVM,1,0.8592592592592593,0.9666666666666667,0.9098039215686274,120.0
2800,1,FS_PCA_RBF_SVM,2,0.941747572815534,0.8083333333333333,0.8699551569506726,120.0
2800,1,FS_PCA_RBF_SVM,3,0.8692307692307693,0.9416666666666667,0.904,120.0
2800,1,FS_PCA_RBF_SVM,4,0.991304347826087,0.95,0.9702127659574468,120.0
2800,1,FS_PCA_RBF_SVM,5,0.9739130434782609,0.9333333333333333,0.9531914893617022,120.0
2800,1,FS_PCA_RBF_SVM,6,0.9159663865546218,0.9083333333333333,0.9121338912133892,120.0
2800,1,FS_PCA_RBF_SVM,7,0.9512195121951219,0.975,0.9629629629629629,120.0
2800,1,FS_PCA_RandomForest,1,0.841726618705036,0.975,0.9034749034749034,120.0
2800,1,FS_PCA_RandomForest,2,0.9696969696969697,0.8,0.8767123287671232,120.0
2800,1,FS_PCA_RandomForest,3,0.8671875,0.925,0.8951612903225806,120.0
2800,1,FS_PCA_RandomForest,4,0.9912280701754386,0.9416666666666667,0.9658119658119658,120.0
2800,1,FS_PCA_RandomForest,5,0.9655172413793104,0.9333333333333333,0.9491525423728814,120.0
2800,1,FS_PCA_RandomForest,6,0.9,0.9,0.9,120.0
2800,1,FS_PCA_RandomForest,7,0.9354838709677419,0.9666666666666667,0.9508196721311475,120.0
2800,2,FS_PCA_L1_Logistic,1,0.8796992481203008,0.975,0.924901185770751,120.0
2800,2,FS_PCA_L1_Logistic,2,0.8869565217391304,0.85,0.8680851063829788,120.0
2800,2,FS_PCA_L1_Logistic,3,0.856,0.8916666666666667,0.8734693877551021,120.0
2800,2,FS_PCA_L1_Logistic,4,0.9661016949152542,0.95,0.957983193277311,120.0
2800,2,FS_PCA_L1_Logistic,5,0.9491525423728814,0.9333333333333333,0.9411764705882353,120.0
2800,2,FS_PCA_L1_Logistic,6,0.8938053097345132,0.8416666666666667,0.8669527896995708,120.0
2800,2,FS_PCA_L1_Logistic,7,0.940677966101695,0.925,0.9327731092436975,120.0
2800,2,FS_PCA_Shrinkage_LDA,1,0.8931297709923665,0.975,0.9322709163346613,120.0
2800,2,FS_PCA_Shrinkage_LDA,2,0.967741935483871,0.75,0.8450704225352113,120.0
2800,2,FS_PCA_Shrinkage_LDA,3,0.8,0.8666666666666667,0.832,120.0
2800,2,FS_PCA_Shrinkage_LDA,4,0.9827586206896551,0.95,0.9661016949152542,120.0
2800,2,FS_PCA_Shrinkage_LDA,5,0.9491525423728814,0.9333333333333333,0.9411764705882353,120.0
2800,2,FS_PCA_Shrinkage_LDA,6,0.8208955223880597,0.9166666666666666,0.8661417322834646,120.0
2800,2,FS_PCA_Shrinkage_LDA,7,0.940677966101695,0.925,0.9327731092436975,120.0
2800,2,FS_PCA_RBF_SVM,1,0.8686131386861314,0.9916666666666667,0.9260700389105059,120.0
2800,2,FS_PCA_RBF_SVM,2,0.9537037037037037,0.8583333333333333,0.9035087719298246,120.0
2800,2,FS_PCA_RBF_SVM,3,0.8837209302325582,0.95,0.9156626506024096,120.0
2800,2,FS_PCA_RBF_SVM,4,0.9829059829059829,0.9583333333333334,0.9704641350210971,120.0
2800,2,FS_PCA_RBF_SVM,5,0.95,0.95,0.95,120.0
2800,2,FS_PCA_RBF_SVM,6,0.9292035398230089,0.875,0.9012875536480687,120.0
2800,2,FS_PCA_RBF_SVM,7,0.9568965517241379,0.925,0.940677966101695,120.0
2800,2,FS_PCA_RandomForest,1,0.875,0.9916666666666667,0.9296875,120.0
2800,2,FS_PCA_RandomForest,2,0.9509803921568627,0.8083333333333333,0.8738738738738738,120.0
2800,2,FS_PCA_RandomForest,3,0.8582677165354331,0.9083333333333333,0.8825910931174089,120.0
2800,2,FS_PCA_RandomForest,4,0.9344262295081968,0.95,0.9421487603305785,120.0
2800,2,FS_PCA_RandomForest,5,0.9338842975206612,0.9416666666666667,0.9377593360995851,120.0
2800,2,FS_PCA_RandomForest,6,0.9401709401709402,0.9166666666666666,0.9282700421940928,120.0
2800,2,FS_PCA_RandomForest,7,0.9304347826086956,0.8916666666666667,0.9106382978723404,120.0
1400,0,FS_PCA_L1_Logistic,1,0.8909090909090909,0.8166666666666667,0.8521739130434782,60.0
1400,0,FS_PCA_L1_Logistic,2,0.847457627118644,0.8333333333333334,0.8403361344537815,60.0
1400,0,FS_PCA_L1_Logistic,3,0.9193548387096774,0.95,0.9344262295081968,60.0
1400,0,FS_PCA_L1_Logistic,4,0.9836065573770492,1.0,0.9917355371900827,60.0
1400,0,FS_PCA_L1_Logistic,5,0.921875,0.9833333333333333,0.9516129032258065,60.0
1400,0,FS_PCA_L1_Logistic,6,0.7903225806451613,0.8166666666666667,0.8032786885245902,60.0
1400,0,FS_PCA_L1_Logistic,7,0.9649122807017544,0.9166666666666666,0.9401709401709402,60.0
1400,0,FS_PCA_Shrinkage_LDA,1,0.847457627118644,0.8333333333333334,0.8403361344537815,60.0
1400,0,FS_PCA_Shrinkage_LDA,2,0.98,0.8166666666666667,0.8909090909090909,60.0
1400,0,FS_PCA_Shrinkage_LDA,3,0.9333333333333333,0.9333333333333333,0.9333333333333333,60.0
1400,0,FS_PCA_Shrinkage_LDA,4,0.9833333333333333,0.9833333333333333,0.9833333333333333,60.0
1400,0,FS_PCA_Shrinkage_LDA,5,0.9824561403508771,0.9333333333333333,0.9572649572649573,60.0
1400,0,FS_PCA_Shrinkage_LDA,6,0.7638888888888888,0.9166666666666666,0.8333333333333334,60.0
1400,0,FS_PCA_Shrinkage_LDA,7,0.9193548387096774,0.95,0.9344262295081968,60.0
1400,0,FS_PCA_RBF_SVM,1,0.8548387096774194,0.8833333333333333,0.8688524590163934,60.0
1400,0,FS_PCA_RBF_SVM,2,0.9444444444444444,0.85,0.8947368421052632,60.0
1400,0,FS_PCA_RBF_SVM,3,0.9655172413793104,0.9333333333333333,0.9491525423728814,60.0
1400,0,FS_PCA_RBF_SVM,4,0.9672131147540983,0.9833333333333333,0.9752066115702479,60.0
1400,0,FS_PCA_RBF_SVM,5,0.9830508474576272,0.9666666666666667,0.9747899159663865,60.0
1400,0,FS_PCA_RBF_SVM,6,0.8507462686567164,0.95,0.8976377952755905,60.0
1400,0,FS_PCA_RBF_SVM,7,0.9661016949152542,0.95,0.957983193277311,60.0
1400,0,FS_PCA_RandomForest,1,0.8412698412698413,0.8833333333333333,0.8617886178861789,60.0
1400,0,FS_PCA_RandomForest,2,0.9272727272727272,0.85,0.8869565217391304,60.0
1400,0,FS_PCA_RandomForest,3,0.9454545454545454,0.8666666666666667,0.9043478260869565,60.0
1400,0,FS_PCA_RandomForest,4,0.9354838709677419,0.9666666666666667,0.9508196721311475,60.0
1400,0,FS_PCA_RandomForest,5,0.9433962264150944,0.8333333333333334,0.8849557522123894,60.0
1400,0,FS_PCA_RandomForest,6,0.8235294117647058,0.9333333333333333,0.875,60.0
1400,0,FS_PCA_RandomForest,7,0.84375,0.9,0.8709677419354839,60.0
1400,1,FS_PCA_L1_Logistic,1,0.8529411764705882,0.9666666666666667,0.90625,60.0
1400,1,FS_PCA_L1_Logistic,2,0.9148936170212766,0.7166666666666667,0.8037383177570093,60.0
1400,1,FS_PCA_L1_Logistic,3,0.8253968253968254,0.8666666666666667,0.8455284552845529,60.0
1400,1,FS_PCA_L1_Logistic,4,0.9354838709677419,0.9666666666666667,0.9508196721311475,60.0
1400,1,FS_PCA_L1_Logistic,5,1.0,0.9166666666666666,0.9565217391304348,60.0
1400,1,FS_PCA_L1_Logistic,6,0.85,0.85,0.85,60.0
1400,1,FS_PCA_L1_Logistic,7,0.9230769230769231,1.0,0.96,60.0
1400,1,FS_PCA_Shrinkage_LDA,1,0.855072463768116,0.9833333333333333,0.9147286821705426,60.0
1400,1,FS_PCA_Shrinkage_LDA,2,1.0,0.7166666666666667,0.8349514563106796,60.0
1400,1,FS_PCA_Shrinkage_LDA,3,0.8360655737704918,0.85,0.8429752066115702,60.0
1400,1,FS_PCA_Shrinkage_LDA,4,1.0,0.95,0.9743589743589743,60.0
1400,1,FS_PCA_Shrinkage_LDA,5,1.0,0.9666666666666667,0.9830508474576272,60.0
1400,1,FS_PCA_Shrinkage_LDA,6,0.782608695652174,0.9,0.8372093023255814,60.0
1400,1,FS_PCA_Shrinkage_LDA,7,0.9523809523809523,1.0,0.975609756097561,60.0
1400,1,FS_PCA_RBF_SVM,1,0.8676470588235294,0.9833333333333333,0.921875,60.0
1400,1,FS_PCA_RBF_SVM,2,0.9615384615384616,0.8333333333333334,0.8928571428571429,60.0
1400,1,FS_PCA_RBF_SVM,3,0.9090909090909091,0.8333333333333334,0.8695652173913043,60.0
1400,1,FS_PCA_RBF_SVM,4,0.9830508474576272,0.9666666666666667,0.9747899159663865,60.0
1400,1,FS_PCA_RBF_SVM,5,0.9827586206896551,0.95,0.9661016949152542,60.0
1400,1,FS_PCA_RBF_SVM,6,0.8484848484848485,0.9333333333333333,0.8888888888888888,60.0
1400,1,FS_PCA_RBF_SVM,7,0.9516129032258065,0.9833333333333333,0.9672131147540983,60.0
1400,1,FS_PCA_RandomForest,1,0.8529411764705882,0.9666666666666667,0.90625,60.0
1400,1,FS_PCA_RandomForest,2,0.9166666666666666,0.7333333333333333,0.8148148148148148,60.0
1400,1,FS_PCA_RandomForest,3,0.8392857142857143,0.7833333333333333,0.8103448275862069,60.0
1400,1,FS_PCA_RandomForest,4,0.9333333333333333,0.9333333333333333,0.9333333333333333,60.0
1400,1,FS_PCA_RandomForest,5,0.9344262295081968,0.95,0.9421487603305785,60.0
1400,1,FS_PCA_RandomForest,6,0.8333333333333334,0.9166666666666666,0.873015873015873,60.0
1400,1,FS_PCA_RandomForest,7,0.9508196721311475,0.9666666666666667,0.9586776859504132,60.0
1400,2,FS_PCA_L1_Logistic,1,0.896551724137931,0.8666666666666667,0.8813559322033898,60.0
1400,2,FS_PCA_L1_Logistic,2,0.8688524590163934,0.8833333333333333,0.8760330578512396,60.0
1400,2,FS_PCA_L1_Logistic,3,0.9464285714285714,0.8833333333333333,0.9137931034482759,60.0
1400,2,FS_PCA_L1_Logistic,4,1.0,0.9333333333333333,0.9655172413793104,60.0
1400,2,FS_PCA_L1_Logistic,5,0.9661016949152542,0.95,0.957983193277311,60.0
1400,2,FS_PCA_L1_Logistic,6,0.782608695652174,0.9,0.8372093023255814,60.0
1400,2,FS_PCA_L1_Logistic,7,0.9508196721311475,0.9666666666666667,0.9586776859504132,60.0
1400,2,FS_PCA_Shrinkage_LDA,1,0.875,0.9333333333333333,0.9032258064516129,60.0
1400,2,FS_PCA_Shrinkage_LDA,2,0.9791666666666666,0.7833333333333333,0.8703703703703703,60.0
1400,2,FS_PCA_Shrinkage_LDA,3,0.8333333333333334,0.8333333333333334,0.8333333333333334,60.0
1400,2,FS_PCA_Shrinkage_LDA,4,0.9821428571428571,0.9166666666666666,0.9482758620689655,60.0
1400,2,FS_PCA_Shrinkage_LDA,5,1.0,0.9333333333333333,0.9655172413793104,60.0
1400,2,FS_PCA_Shrinkage_LDA,6,0.7837837837837838,0.9666666666666667,0.8656716417910447,60.0
1400,2,FS_PCA_Shrinkage_LDA,7,0.9516129032258065,0.9833333333333333,0.9672131147540983,60.0
1400,2,FS_PCA_RBF_SVM,1,0.8787878787878788,0.9666666666666667,0.9206349206349206,60.0
1400,2,FS_PCA_RBF_SVM,2,0.9473684210526315,0.9,0.9230769230769231,60.0
1400,2,FS_PCA_RBF_SVM,3,0.9122807017543859,0.8666666666666667,0.8888888888888888,60.0
1400,2,FS_PCA_RBF_SVM,4,1.0,0.8833333333333333,0.9380530973451328,60.0
1400,2,FS_PCA_RBF_SVM,5,1.0,0.95,0.9743589743589743,60.0
1400,2,FS_PCA_RBF_SVM,6,0.8656716417910447,0.9666666666666667,0.9133858267716536,60.0
1400,2,FS_PCA_RBF_SVM,7,0.9523809523809523,1.0,0.975609756097561,60.0
1400,2,FS_PCA_RandomForest,1,0.8405797101449275,0.9666666666666667,0.8992248062015504,60.0
1400,2,FS_PCA_RandomForest,2,0.9074074074074074,0.8166666666666667,0.8596491228070176,60.0
1400,2,FS_PCA_RandomForest,3,0.8846153846153846,0.7666666666666667,0.8214285714285714,60.0
1400,2,FS_PCA_RandomForest,4,0.9649122807017544,0.9166666666666666,0.9401709401709402,60.0
1400,2,FS_PCA_RandomForest,5,1.0,0.9333333333333333,0.9655172413793104,60.0
1400,2,FS_PCA_RandomForest,6,0.8115942028985508,0.9333333333333333,0.8682170542635659,60.0
1400,2,FS_PCA_RandomForest,7,0.9365079365079365,0.9833333333333333,0.959349593495935,60.0
700,0,FS_PCA_L1_Logistic,1,0.8,0.9333333333333333,0.8615384615384616,30.0
700,0,FS_PCA_L1_Logistic,2,0.84,0.7,0.7636363636363637,30.0
700,0,FS_PCA_L1_Logistic,3,0.75,0.9,0.8181818181818182,30.0
700,0,FS_PCA_L1_Logistic,4,0.9666666666666667,0.9666666666666667,0.9666666666666667,30.0
700,0,FS_PCA_L1_Logistic,5,0.8,0.8,0.8,30.0
700,0,FS_PCA_L1_Logistic,6,0.7083333333333334,0.5666666666666667,0.6296296296296297,30.0
700,0,FS_PCA_L1_Logistic,7,0.8333333333333334,0.8333333333333334,0.8333333333333334,30.0
700,0,FS_PCA_Shrinkage_LDA,1,0.8125,0.8666666666666667,0.8387096774193549,30.0
700,0,FS_PCA_Shrinkage_LDA,2,1.0,0.6666666666666666,0.8,30.0
700,0,FS_PCA_Shrinkage_LDA,3,0.696969696969697,0.7666666666666667,0.7301587301587301,30.0
700,0,FS_PCA_Shrinkage_LDA,4,0.967741935483871,1.0,0.9836065573770492,30.0
700,0,FS_PCA_Shrinkage_LDA,5,0.8387096774193549,0.8666666666666667,0.8524590163934426,30.0
700,0,FS_PCA_Shrinkage_LDA,6,0.6,0.7,0.6461538461538462,30.0
700,0,FS_PCA_Shrinkage_LDA,7,0.8928571428571429,0.8333333333333334,0.8620689655172413,30.0
700,0,FS_PCA_RBF_SVM,1,0.8387096774193549,0.8666666666666667,0.8524590163934426,30.0
700,0,FS_PCA_RBF_SVM,2,0.92,0.7666666666666667,0.8363636363636363,30.0
700,0,FS_PCA_RBF_SVM,3,0.7428571428571429,0.8666666666666667,0.8,30.0
700,0,FS_PCA_RBF_SVM,4,0.9375,1.0,0.967741935483871,30.0
700,0,FS_PCA_RBF_SVM,5,0.9032258064516129,0.9333333333333333,0.9180327868852459,30.0
700,0,FS_PCA_RBF_SVM,6,0.7931034482758621,0.7666666666666667,0.7796610169491526,30.0
700,0,FS_PCA_RBF_SVM,7,0.9629629629629629,0.8666666666666667,0.9122807017543859,30.0
700,0,FS_PCA_RandomForest,1,0.84375,0.9,0.8709677419354839,30.0
700,0,FS_PCA_RandomForest,2,1.0,0.7666666666666667,0.8679245283018868,30.0
700,0,FS_PCA_RandomForest,3,0.8064516129032258,0.8333333333333334,0.819672131147541,30.0
700,0,FS_PCA_RandomForest,4,0.967741935483871,1.0,0.9836065573770492,30.0
700,0,FS_PCA_RandomForest,5,0.8888888888888888,0.8,0.8421052631578947,30.0
700,0,FS_PCA_RandomForest,6,0.7428571428571429,0.8666666666666667,0.8,30.0
700,0,FS_PCA_RandomForest,7,0.8387096774193549,0.8666666666666667,0.8524590163934426,30.0
700,1,FS_PCA_L1_Logistic,1,0.8055555555555556,0.9666666666666667,0.8787878787878788,30.0
700,1,FS_PCA_L1_Logistic,2,0.9615384615384616,0.8333333333333334,0.8928571428571429,30.0
700,1,FS_PCA_L1_Logistic,3,0.8888888888888888,0.8,0.8421052631578947,30.0
700,1,FS_PCA_L1_Logistic,4,0.9629629629629629,0.8666666666666667,0.9122807017543859,30.0
700,1,FS_PCA_L1_Logistic,5,1.0,0.8666666666666667,0.9285714285714286,30.0
700,1,FS_PCA_L1_Logistic,6,0.7878787878787878,0.8666666666666667,0.8253968253968254,30.0
700,1,FS_PCA_L1_Logistic,7,0.8571428571428571,1.0,0.9230769230769231,30.0
700,1,FS_PCA_Shrinkage_LDA,1,0.8484848484848485,0.9333333333333333,0.8888888888888888,30.0
700,1,FS_PCA_Shrinkage_LDA,2,1.0,0.8333333333333334,0.9090909090909091,30.0
700,1,FS_PCA_Shrinkage_LDA,3,0.8709677419354839,0.9,0.8852459016393442,30.0
700,1,FS_PCA_Shrinkage_LDA,4,1.0,0.9333333333333333,0.9655172413793104,30.0
700,1,FS_PCA_Shrinkage_LDA,5,1.0,0.9666666666666667,0.9830508474576272,30.0
700,1,FS_PCA_Shrinkage_LDA,6,0.8181818181818182,0.9,0.8571428571428571,30.0
700,1,FS_PCA_Shrinkage_LDA,7,0.967741935483871,1.0,0.9836065573770492,30.0
700,1,FS_PCA_RBF_SVM,1,0.8529411764705882,0.9666666666666667,0.90625,30.0
700,1,FS_PCA_RBF_SVM,2,1.0,0.8,0.8888888888888888,30.0
700,1,FS_PCA_RBF_SVM,3,0.896551724137931,0.8666666666666667,0.8813559322033898,30.0
700,1,FS_PCA_RBF_SVM,4,1.0,0.9333333333333333,0.9655172413793104,30.0
700,1,FS_PCA_RBF_SVM,5,0.9354838709677419,0.9666666666666667,0.9508196721311475,30.0
700,1,FS_PCA_RBF_SVM,6,0.8285714285714286,0.9666666666666667,0.8923076923076924,30.0
700,1,FS_PCA_RBF_SVM,7,0.9655172413793104,0.9333333333333333,0.9491525423728814,30.0
700,1,FS_PCA_RandomForest,1,0.7777777777777778,0.9333333333333333,0.8484848484848485,30.0
700,1,FS_PCA_RandomForest,2,0.8620689655172413,0.8333333333333334,0.847457627118644,30.0
700,1,FS_PCA_RandomForest,3,0.8695652173913043,0.6666666666666666,0.7547169811320755,30.0
700,1,FS_PCA_RandomForest,4,0.9259259259259259,0.8333333333333334,0.8771929824561403,30.0
700,1,FS_PCA_RandomForest,5,1.0,0.9,0.9473684210526315,30.0
700,1,FS_PCA_RandomForest,6,0.7428571428571429,0.8666666666666667,0.8,30.0
700,1,FS_PCA_RandomForest,7,0.9090909090909091,1.0,0.9523809523809523,30.0
700,2,FS_PCA_L1_Logistic,1,0.96,0.8,0.8727272727272727,30.0
700,2,FS_PCA_L1_Logistic,2,0.75,0.9,0.8181818181818182,30.0
700,2,FS_PCA_L1_Logistic,3,0.8076923076923077,0.7,0.75,30.0
700,2,FS_PCA_L1_Logistic,4,0.9090909090909091,1.0,0.9523809523809523,30.0
700,2,FS_PCA_L1_Logistic,5,0.9090909090909091,1.0,0.9523809523809523,30.0
700,2,FS_PCA_L1_Logistic,6,0.6451612903225806,0.6666666666666666,0.6557377049180327,30.0
700,2,FS_PCA_L1_Logistic,7,1.0,0.8666666666666667,0.9285714285714286,30.0
700,2,FS_PCA_Shrinkage_LDA,1,0.92,0.7666666666666667,0.8363636363636363,30.0
700,2,FS_PCA_Shrinkage_LDA,2,1.0,0.9,0.9473684210526315,30.0
700,2,FS_PCA_Shrinkage_LDA,3,0.8518518518518519,0.7666666666666667,0.8070175438596491,30.0
700,2,FS_PCA_Shrinkage_LDA,4,0.9375,1.0,0.967741935483871,30.0
700,2,FS_PCA_Shrinkage_LDA,5,0.9375,1.0,0.967741935483871,30.0
700,2,FS_PCA_Shrinkage_LDA,6,0.65,0.8666666666666667,0.7428571428571429,30.0
700,2,FS_PCA_Shrinkage_LDA,7,1.0,0.9,0.9473684210526315,30.0
700,2,FS_PCA_RBF_SVM,1,0.9285714285714286,0.8666666666666667,0.896551724137931,30.0
700,2,FS_PCA_RBF_SVM,2,1.0,0.9,0.9473684210526315,30.0
700,2,FS_PCA_RBF_SVM,3,0.8275862068965517,0.8,0.8135593220338984,30.0
700,2,FS_PCA_RBF_SVM,4,1.0,1.0,1.0,30.0
700,2,FS_PCA_RBF_SVM,5,0.967741935483871,1.0,0.9836065573770492,30.0
700,2,FS_PCA_RBF_SVM,6,0.7222222222222222,0.8666666666666667,0.7878787878787878,30.0
700,2,FS_PCA_RBF_SVM,7,1.0,0.9666666666666667,0.9830508474576272,30.0
700,2,FS_PCA_RandomForest,1,0.9285714285714286,0.8666666666666667,0.896551724137931,30.0
700,2,FS_PCA_RandomForest,2,1.0,0.8666666666666667,0.9285714285714286,30.0
700,2,FS_PCA_RandomForest,3,0.8695652173913043,0.6666666666666666,0.7547169811320755,30.0
700,2,FS_PCA_RandomForest,4,0.8333333333333334,1.0,0.9090909090909091,30.0
700,2,FS_PCA_RandomForest,5,0.8571428571428571,1.0,0.9230769230769231,30.0
700,2,FS_PCA_RandomForest,6,0.7105263157894737,0.9,0.7941176470588235,30.0
700,2,FS_PCA_RandomForest,7,1.0,0.8,0.8888888888888888,30.0
350,0,FS_PCA_L1_Logistic,1,0.7857142857142857,0.7333333333333333,0.7586206896551724,15.0
350,0,FS_PCA_L1_Logistic,2,0.9090909090909091,0.6666666666666666,0.7692307692307693,15.0
350,0,FS_PCA_L1_Logistic,3,0.5,0.6666666666666666,0.5714285714285714,15.0
350,0,FS_PCA_L1_Logistic,4,0.8125,0.8666666666666667,0.8387096774193549,15.0
350,0,FS_PCA_L1_Logistic,5,1.0,0.8,0.8888888888888888,15.0
350,0,FS_PCA_L1_Logistic,6,0.5384615384615384,0.4666666666666667,0.5,15.0
350,0,FS_PCA_L1_Logistic,7,0.7368421052631579,0.9333333333333333,0.8235294117647058,15.0
350,0,FS_PCA_Shrinkage_LDA,1,0.8666666666666667,0.8666666666666667,0.8666666666666667,15.0
350,0,FS_PCA_Shrinkage_LDA,2,0.9230769230769231,0.8,0.8571428571428571,15.0
350,0,FS_PCA_Shrinkage_LDA,3,0.6470588235294118,0.7333333333333333,0.6875,15.0
350,0,FS_PCA_Shrinkage_LDA,4,0.9333333333333333,0.9333333333333333,0.9333333333333333,15.0
350,0,FS_PCA_Shrinkage_LDA,5,1.0,0.8666666666666667,0.9285714285714286,15.0
350,0,FS_PCA_Shrinkage_LDA,6,0.6875,0.7333333333333333,0.7096774193548387,15.0
350,0,FS_PCA_Shrinkage_LDA,7,0.8125,0.8666666666666667,0.8387096774193549,15.0
350,0,FS_PCA_RBF_SVM,1,0.8,0.8,0.8,15.0
350,0,FS_PCA_RBF_SVM,2,0.9230769230769231,0.8,0.8571428571428571,15.0
350,0,FS_PCA_RBF_SVM,3,0.6875,0.7333333333333333,0.7096774193548387,15.0
350,0,FS_PCA_RBF_SVM,4,1.0,0.9333333333333333,0.9655172413793104,15.0
350,0,FS_PCA_RBF_SVM,5,1.0,0.9333333333333333,0.9655172413793104,15.0
350,0,FS_PCA_RBF_SVM,6,0.6875,0.7333333333333333,0.7096774193548387,15.0
350,0,FS_PCA_RBF_SVM,7,0.8823529411764706,1.0,0.9375,15.0
350,0,FS_PCA_RandomForest,1,0.7777777777777778,0.9333333333333333,0.8484848484848485,15.0
350,0,FS_PCA_RandomForest,2,0.8,0.8,0.8,15.0
350,0,FS_PCA_RandomForest,3,0.5384615384615384,0.4666666666666667,0.5,15.0
350,0,FS_PCA_RandomForest,4,0.8666666666666667,0.8666666666666667,0.8666666666666667,15.0
350,0,FS_PCA_RandomForest,5,0.9285714285714286,0.8666666666666667,0.896551724137931,15.0
350,0,FS_PCA_RandomForest,6,0.6,0.6,0.6,15.0
350,0,FS_PCA_RandomForest,7,0.8666666666666667,0.8666666666666667,0.8666666666666667,15.0
350,1,FS_PCA_L1_Logistic,1,0.9333333333333333,0.9333333333333333,0.9333333333333333,15.0
350,1,FS_PCA_L1_Logistic,2,0.9285714285714286,0.8666666666666667,0.896551724137931,15.0
350,1,FS_PCA_L1_Logistic,3,0.6923076923076923,0.6,0.6428571428571429,15.0
350,1,FS_PCA_L1_Logistic,4,0.8823529411764706,1.0,0.9375,15.0
350,1,FS_PCA_L1_Logistic,5,0.9166666666666666,0.7333333333333333,0.8148148148148148,15.0
350,1,FS_PCA_L1_Logistic,6,0.625,0.6666666666666666,0.6451612903225806,15.0
350,1,FS_PCA_L1_Logistic,7,0.7777777777777778,0.9333333333333333,0.8484848484848485,15.0
350,1,FS_PCA_Shrinkage_LDA,1,0.8,0.8,0.8,15.0
350,1,FS_PCA_Shrinkage_LDA,2,1.0,0.8,0.8888888888888888,15.0
350,1,FS_PCA_Shrinkage_LDA,3,0.7894736842105263,1.0,0.8823529411764706,15.0
350,1,FS_PCA_Shrinkage_LDA,4,1.0,0.9333333333333333,0.9655172413793104,15.0
350,1,FS_PCA_Shrinkage_LDA,5,0.7692307692307693,0.6666666666666666,0.7142857142857143,15.0
350,1,FS_PCA_Shrinkage_LDA,6,0.6666666666666666,0.6666666666666666,0.6666666666666666,15.0
350,1,FS_PCA_Shrinkage_LDA,7,0.7058823529411765,0.8,0.75,15.0
350,1,FS_PCA_RBF_SVM,1,0.8,0.8,0.8,15.0
350,1,FS_PCA_RBF_SVM,2,1.0,0.7333333333333333,0.8461538461538461,15.0
350,1,FS_PCA_RBF_SVM,3,0.7222222222222222,0.8666666666666667,0.7878787878787878,15.0
350,1,FS_PCA_RBF_SVM,4,1.0,0.9333333333333333,0.9655172413793104,15.0
350,1,FS_PCA_RBF_SVM,5,0.9285714285714286,0.8666666666666667,0.896551724137931,15.0
350,1,FS_PCA_RBF_SVM,6,0.5882352941176471,0.6666666666666666,0.625,15.0
350,1,FS_PCA_RBF_SVM,7,0.875,0.9333333333333333,0.9032258064516129,15.0
350,1,FS_PCA_RandomForest,1,0.9333333333333333,0.9333333333333333,0.9333333333333333,15.0
350,1,FS_PCA_RandomForest,2,0.9230769230769231,0.8,0.8571428571428571,15.0
350,1,FS_PCA_RandomForest,3,0.6470588235294118,0.7333333333333333,0.6875,15.0
350,1,FS_PCA_RandomForest,4,1.0,0.8666666666666667,0.9285714285714286,15.0
350,1,FS_PCA_RandomForest,5,1.0,0.6666666666666666,0.8,15.0
350,1,FS_PCA_RandomForest,6,0.625,0.6666666666666666,0.6451612903225806,15.0
350,1,FS_PCA_RandomForest,7,0.7142857142857143,1.0,0.8333333333333334,15.0
350,2,FS_PCA_L1_Logistic,1,0.8125,0.8666666666666667,0.8387096774193549,15.0
350,2,FS_PCA_L1_Logistic,2,0.8,0.8,0.8,15.0
350,2,FS_PCA_L1_Logistic,3,0.6428571428571429,0.6,0.6206896551724138,15.0
350,2,FS_PCA_L1_Logistic,4,1.0,0.8,0.8888888888888888,15.0
350,2,FS_PCA_L1_Logistic,5,0.8571428571428571,0.8,0.8275862068965517,15.0
350,2,FS_PCA_L1_Logistic,6,0.5263157894736842,0.6666666666666666,0.5882352941176471,15.0
350,2,FS_PCA_L1_Logistic,7,0.8,0.8,0.8,15.0
350,2,FS_PCA_Shrinkage_LDA,1,0.8125,0.8666666666666667,0.8387096774193549,15.0
350,2,FS_PCA_Shrinkage_LDA,2,1.0,0.7333333333333333,0.8461538461538461,15.0
350,2,FS_PCA_Shrinkage_LDA,3,0.75,0.8,0.7741935483870968,15.0
350,2,FS_PCA_Shrinkage_LDA,4,1.0,0.8,0.8888888888888888,15.0
350,2,FS_PCA_Shrinkage_LDA,5,0.9090909090909091,0.6666666666666666,0.7692307692307693,15.0
350,2,FS_PCA_Shrinkage_LDA,6,0.65,0.8666666666666667,0.7428571428571429,15.0
350,2,FS_PCA_Shrinkage_LDA,7,0.7368421052631579,0.9333333333333333,0.8235294117647058,15.0
350,2,FS_PCA_RBF_SVM,1,0.8125,0.8666666666666667,0.8387096774193549,15.0
350,2,FS_PCA_RBF_SVM,2,0.9230769230769231,0.8,0.8571428571428571,15.0
350,2,FS_PCA_RBF_SVM,3,0.8,0.8,0.8,15.0
350,2,FS_PCA_RBF_SVM,4,1.0,0.8666666666666667,0.9285714285714286,15.0
350,2,FS_PCA_RBF_SVM,5,1.0,0.7333333333333333,0.8461538461538461,15.0
350,2,FS_PCA_RBF_SVM,6,0.7,0.9333333333333333,0.8,15.0
350,2,FS_PCA_RBF_SVM,7,0.7647058823529411,0.8666666666666667,0.8125,15.0
350,2,FS_PCA_RandomForest,1,0.8666666666666667,0.8666666666666667,0.8666666666666667,15.0
350,2,FS_PCA_RandomForest,2,0.9166666666666666,0.7333333333333333,0.8148148148148148,15.0
350,2,FS_PCA_RandomForest,3,0.7333333333333333,0.7333333333333333,0.7333333333333333,15.0
350,2,FS_PCA_RandomForest,4,0.9166666666666666,0.7333333333333333,0.8148148148148148,15.0
350,2,FS_PCA_RandomForest,5,0.9285714285714286,0.8666666666666667,0.896551724137931,15.0
350,2,FS_PCA_RandomForest,6,0.6818181818181818,1.0,0.8108108108108109,15.0
350,2,FS_PCA_RandomForest,7,0.8666666666666667,0.8666666666666667,0.8666666666666667,15.0
140,0,FS_PCA_L1_Logistic,1,0.8,0.6666666666666666,0.7272727272727273,6.0
140,0,FS_PCA_L1_Logistic,2,1.0,0.6666666666666666,0.8,6.0
140,0,FS_PCA_L1_Logistic,3,0.42857142857142855,0.5,0.46153846153846156,6.0
140,0,FS_PCA_L1_Logistic,4,1.0,0.8333333333333334,0.9090909090909091,6.0
140,0,FS_PCA_L1_Logistic,5,0.8333333333333334,0.8333333333333334,0.8333333333333334,6.0
140,0,FS_PCA_L1_Logistic,6,0.375,0.5,0.42857142857142855,6.0
140,0,FS_PCA_L1_Logistic,7,0.7142857142857143,0.8333333333333334,0.7692307692307693,6.0
140,0,FS_PCA_Shrinkage_LDA,1,0.8333333333333334,0.8333333333333334,0.8333333333333334,6.0
140,0,FS_PCA_Shrinkage_LDA,2,1.0,0.8333333333333334,0.9090909090909091,6.0
140,0,FS_PCA_Shrinkage_LDA,3,0.5,0.6666666666666666,0.5714285714285714,6.0
140,0,FS_PCA_Shrinkage_LDA,4,0.8571428571428571,1.0,0.9230769230769231,6.0
140,0,FS_PCA_Shrinkage_LDA,5,1.0,1.0,1.0,6.0
140,0,FS_PCA_Shrinkage_LDA,6,0.5,0.3333333333333333,0.4,6.0
140,0,FS_PCA_Shrinkage_LDA,7,0.8333333333333334,0.8333333333333334,0.8333333333333334,6.0
140,0,FS_PCA_RBF_SVM,1,0.8333333333333334,0.8333333333333334,0.8333333333333334,6.0
140,0,FS_PCA_RBF_SVM,2,1.0,0.6666666666666666,0.8,6.0
140,0,FS_PCA_RBF_SVM,3,0.375,0.5,0.42857142857142855,6.0
140,0,FS_PCA_RBF_SVM,4,0.8571428571428571,1.0,0.9230769230769231,6.0
140,0,FS_PCA_RBF_SVM,5,1.0,1.0,1.0,6.0
140,0,FS_PCA_RBF_SVM,6,0.5,0.3333333333333333,0.4,6.0
140,0,FS_PCA_RBF_SVM,7,0.8571428571428571,1.0,0.9230769230769231,6.0
140,0,FS_PCA_RandomForest,1,0.8333333333333334,0.8333333333333334,0.8333333333333334,6.0
140,0,FS_PCA_RandomForest,2,1.0,0.8333333333333334,0.9090909090909091,6.0
140,0,FS_PCA_RandomForest,3,0.5,0.5,0.5,6.0
140,0,FS_PCA_RandomForest,4,0.8333333333333334,0.8333333333333334,0.8333333333333334,6.0
140,0,FS_PCA_RandomForest,5,1.0,0.8333333333333334,0.9090909090909091,6.0
140,0,FS_PCA_RandomForest,6,0.5,0.5,0.5,6.0
140,0,FS_PCA_RandomForest,7,0.625,0.8333333333333334,0.7142857142857143,6.0
140,1,FS_PCA_L1_Logistic,1,0.5714285714285714,0.6666666666666666,0.6153846153846154,6.0
140,1,FS_PCA_L1_Logistic,2,0.6666666666666666,0.3333333333333333,0.4444444444444444,6.0
140,1,FS_PCA_L1_Logistic,3,0.5,0.3333333333333333,0.4,6.0
140,1,FS_PCA_L1_Logistic,4,0.7142857142857143,0.8333333333333334,0.7692307692307693,6.0
140,1,FS_PCA_L1_Logistic,5,1.0,1.0,1.0,6.0
140,1,FS_PCA_L1_Logistic,6,0.2857142857142857,0.3333333333333333,0.3076923076923077,6.0
140,1,FS_PCA_L1_Logistic,7,0.75,1.0,0.8571428571428571,6.0
140,1,FS_PCA_Shrinkage_LDA,1,0.6,0.5,0.5454545454545454,6.0
140,1,FS_PCA_Shrinkage_LDA,2,1.0,0.6666666666666666,0.8,6.0
140,1,FS_PCA_Shrinkage_LDA,3,0.8,0.6666666666666666,0.7272727272727273,6.0
140,1,FS_PCA_Shrinkage_LDA,4,0.8571428571428571,1.0,0.9230769230769231,6.0
140,1,FS_PCA_Shrinkage_LDA,5,1.0,1.0,1.0,6.0
140,1,FS_PCA_Shrinkage_LDA,6,0.3333333333333333,0.5,0.4,6.0
140,1,FS_PCA_Shrinkage_LDA,7,1.0,1.0,1.0,6.0
140,1,FS_PCA_RBF_SVM,1,0.5,0.5,0.5,6.0
140,1,FS_PCA_RBF_SVM,2,1.0,0.6666666666666666,0.8,6.0
140,1,FS_PCA_RBF_SVM,3,0.8,0.6666666666666666,0.7272727272727273,6.0
140,1,FS_PCA_RBF_SVM,4,0.8571428571428571,1.0,0.9230769230769231,6.0
140,1,FS_PCA_RBF_SVM,5,1.0,0.6666666666666666,0.8,6.0
140,1,FS_PCA_RBF_SVM,6,0.25,0.3333333333333333,0.2857142857142857,6.0
140,1,FS_PCA_RBF_SVM,7,0.75,1.0,0.8571428571428571,6.0
140,1,FS_PCA_RandomForest,1,0.5714285714285714,0.6666666666666666,0.6153846153846154,6.0
140,1,FS_PCA_RandomForest,2,1.0,0.6666666666666666,0.8,6.0
140,1,FS_PCA_RandomForest,3,0.8333333333333334,0.8333333333333334,0.8333333333333334,6.0
140,1,FS_PCA_RandomForest,4,0.8333333333333334,0.8333333333333334,0.8333333333333334,6.0
140,1,FS_PCA_RandomForest,5,1.0,1.0,1.0,6.0
140,1,FS_PCA_RandomForest,6,0.4,0.3333333333333333,0.36363636363636365,6.0
140,1,FS_PCA_RandomForest,7,0.75,1.0,0.8571428571428571,6.0
140,2,FS_PCA_L1_Logistic,1,1.0,0.3333333333333333,0.5,6.0
140,2,FS_PCA_L1_Logistic,2,0.3333333333333333,0.3333333333333333,0.3333333333333333,6.0
140,2,FS_PCA_L1_Logistic,3,0.42857142857142855,0.5,0.46153846153846156,6.0
140,2,FS_PCA_L1_Logistic,4,0.8333333333333334,0.8333333333333334,0.8333333333333334,6.0
140,2,FS_PCA_L1_Logistic,5,0.8333333333333334,0.8333333333333334,0.8333333333333334,6.0
140,2,FS_PCA_L1_Logistic,6,0.2222222222222222,0.3333333333333333,0.26666666666666666,6.0
140,2,FS_PCA_L1_Logistic,7,1.0,1.0,1.0,6.0
140,2,FS_PCA_Shrinkage_LDA,1,0.5714285714285714,0.6666666666666666,0.6153846153846154,6.0
140,2,FS_PCA_Shrinkage_LDA,2,1.0,0.3333333333333333,0.5,6.0
140,2,FS_PCA_Shrinkage_LDA,3,0.6666666666666666,0.6666666666666666,0.6666666666666666,6.0
140,2,FS_PCA_Shrinkage_LDA,4,0.8571428571428571,1.0,0.9230769230769231,6.0
140,2,FS_PCA_Shrinkage_LDA,5,1.0,0.8333333333333334,0.9090909090909091,6.0
140,2,FS_PCA_Shrinkage_LDA,6,0.3333333333333333,0.5,0.4,6.0
140,2,FS_PCA_Shrinkage_LDA,7,1.0,1.0,1.0,6.0
140,2,FS_PCA_RBF_SVM,1,0.6666666666666666,0.6666666666666666,0.6666666666666666,6.0
140,2,FS_PCA_RBF_SVM,2,1.0,0.3333333333333333,0.5,6.0
140,2,FS_PCA_RBF_SVM,3,0.5714285714285714,0.6666666666666666,0.6153846153846154,6.0
140,2,FS_PCA_RBF_SVM,4,0.8571428571428571,1.0,0.9230769230769231,6.0
140,2,FS_PCA_RBF_SVM,5,1.0,0.8333333333333334,0.9090909090909091,6.0
140,2,FS_PCA_RBF_SVM,6,0.3333333333333333,0.5,0.4,6.0
140,2,FS_PCA_RBF_SVM,7,1.0,1.0,1.0,6.0
140,2,FS_PCA_RandomForest,1,1.0,0.3333333333333333,0.5,6.0
140,2,FS_PCA_RandomForest,2,0.6666666666666666,0.3333333333333333,0.4444444444444444,6.0
140,2,FS_PCA_RandomForest,3,0.5,0.5,0.5,6.0
140,2,FS_PCA_RandomForest,4,0.8571428571428571,1.0,0.9230769230769231,6.0
140,2,FS_PCA_RandomForest,5,1.0,0.8333333333333334,0.9090909090909091,6.0
140,2,FS_PCA_RandomForest,6,0.38461538461538464,0.8333333333333334,0.5263157894736842,6.0
140,2,FS_PCA_RandomForest,7,1.0,1.0,1.0,6.0
